連番,氏名,氏名（カタカナ）,性別,電話番号,メールアドレス,郵便番号,住所,,,,,生年月日,出身地,血液型
1,瀬戸 睦美,セト ムツミ,女,028-329-8298,mutsumiseto@ltytpcssv.wq,329-0423,栃木県,下野市,谷地賀,2-14-13,,1964-11-30,山形県,A
2,篠原 優子,シノハラ ユウコ,女,018-921-9255,oshinohara@jednyjdpey.gxj,014-0373,秋田県,仙北市,角館町岩瀬,1-10,,1980-12-05,京都府,B
3,田崎 達,タザキ トオル,男,0746-11-9728,tooru359@xuofdj.zq,637-0051,奈良県,五條市,御山町,3-2,,1990-11-15,山梨県,O
4,小柳 愛理,コヤナギ アイリ,女,095-689-4100,Airi_Koyanagi@natfwfwdg.wh.kkc,848-0401,長崎県,松浦市,福島町喜内瀬免,4-15-18,ザ福島町喜内瀬免201,1981-07-13,広島県,B
5,相田 春江,アイダ ハルエ,女,04-9336-2156,harue349@pcrm.cdk,299-5252,千葉県,勝浦市,上植野,3-9-6,,1980-02-12,徳島県,O
6,青木 光雄,アオキ ミツオ,男,06-2063-6463,oaoki@domvdrof.bu,567-0872,大阪府,茨木市,新中条町,2-16-4,ステーション新中条町119,1967-12-02,富山県,A
7,吉川 戸敷,ヨシカワ トシキ,男,027-705-6175,toshiki033@ogob.kjzj.jjm,370-1504,群馬県,多野郡神流町,万場,1-16-16,,1967-03-09,静岡県,A
8,奥村 良佳,オクムラ リョウカ,男,0553-61-3295,ryouka7978@ovuwsabn.tw,409-0615,山梨県,大月市,猿橋町朝日小沢,1-13,,2001-03-23,岩手県,A
9,志田 茉央,シダ マオ,女,017-979-1334,mao867@kxfoxwlf.iy,035-0054,青森県,むつ市,海老川町,3-12,海老川町アパート300,1963-02-07,奈良県,A
10,波多野 浩次,ハタノ コウジ,男,0824-72-7536,kouji256@zbetcfk.nwmtt.vxi,733-0031,広島県,広島市西区,観音町,2-2-18,,1987-11-29,富山県,O
11,石崎 信治,イシザキ シンジ,男,0143-67-9830,y-bwlnimwfatm-shinji96668@rcpqt.eaz,088-3331,北海道,川上郡弟子屈町,美留和,4-9-2,,1973-08-17,福岡県,A
12,高村 公雄,タカムラ キミオ,男,0740-77-6029,kimio36899@tenjvtsm.dl.lur,521-1333,滋賀県,近江八幡市,安土町内野,3-11-9,,1966-09-12,広島県,O
13,矢崎 朋之,ヤザキ トモユキ,男,0747-51-6927,iyazaki@yddf.ba,637-0060,奈良県,五條市,大津町,2-13-13,キャッスル大津町204,1967-03-17,宮崎県,A
14,町田 奏,マチダ カナデ,女,076-046-8025,emachida@bqfafv.ic,920-0956,石川県,金沢市,舘山町,3-12-9,ヴィレッジ舘山町414,1976-09-07,大阪府,O
15,棚橋 英光,タナハシ ヒデミツ,男,0858-65-3704,hidemitsutanahashi@bpwmegytz.mkwm.mjj,689-0343,鳥取県,鳥取市,気高町飯里,3-13-6,,1971-12-14,埼玉県,B
16,大竹 匡弘,オオタケ マサヒロ,男,0577-17-9596,masahiro_ootake@inbjxldmr.zow,501-0458,岐阜県,本巣郡北方町,高屋,1-18-5,高屋シティ212,1963-08-18,青森県,B
17,那須 守弘,ナス モリヒロ,男,0198-56-6248,morihiro58535@eknbyx.hmyc.cmx,027-0505,岩手県,下閉伊郡岩泉町,上有芸,1-6,,1976-04-12,島根県,B
18,栗原 香帆,クリハラ カホ,女,058-682-9932,kaho5747@xatazvknr.mi,509-5135,岐阜県,土岐市,泉森下町,1-4-1,,1976-08-10,静岡県,A
19,香坂 春菜,コウサカ ハルナ,女,059-476-4507,haruna12547@buzpmdjejq.hsm,519-3202,三重県,北牟婁郡紀北町,大原,2-12,,1984-04-27,青森県,O
20,島田 美雪,シマダ ミユキ,女,089-999-0849,jgzfailwae-xqemiyuki62499@ixkoewm.ai,797-0021,愛媛県,西予市,宇和町野田,4-20-2,宇和町野田ランド203,1976-09-29,福井県,O
21,日高 舞花,ヒダカ マイカ,女,0799-79-9548,ahidaka@vnsqqoen.md,670-0933,兵庫県,姫路市,平野町,4-12,,1998-04-03,秋田県,A
22,白川 信子,シラカワ ノブコ,女,0820-47-0235,nobuko_shirakawa@igvi.dtwnj.ryw,753-0058,山口県,山口市,下市町,1-20-17,下市町メゾン116,1963-11-24,静岡県,O
23,北条 浩秋,ホウジョウ ヒロアキ,男,079-709-2482,hiroaki85171@hedqwbvjgw.jhfv.uhd,679-5315,兵庫県,佐用郡佐用町,淀,1-12-11,,1984-10-04,兵庫県,A
24,若山 真菜,ワカヤマ マナ,女,0776-99-1035,mana_wakayama@visbbqem.yih.oba,913-0043,福井県,坂井市,三国町錦,2-11-7,,1968-08-05,宮崎県,O
25,川田 龍五,カワダ リュウゴ,男,0885-87-9933,okawada@weav.si.prt,779-3402,徳島県,吉野川市,山川町西麓,1-6-1,,1986-11-06,熊本県,A
26,芦田 俊治,アシダ トシハル,男,0857-23-8965,toshiharu5413@vxnwlkuq.qrht.ngz,680-0021,鳥取県,鳥取市,材木町,2-2-3,,1971-05-17,愛知県,A
27,坂野 元樹,サカノ ゲンキ,男,0274-38-6554,genki_sakano@xkbcnff.uy,379-1601,群馬県,利根郡みなかみ町,吉本,2-18-15,プラチナ吉本310,1998-10-30,茨城県,B
28,滝田 孝次,タキタ コウジ,男,058-032-5921,kouji46431@wopbwhp.rfn,501-2801,岐阜県,関市,洞戸栗原,3-16-4,,1984-10-16,青森県,AB
29,西川 裕之,ニシカワ ヒロユキ,男,073-637-1063,hiroyuki583@qdqx.teh,646-0312,和歌山県,西牟婁郡白浜町,大,3-10-17,,1972-06-27,岩手県,B
30,石橋 柚,イシバシ ユズ,女,0883-73-6507,yuzu338@efwdhax.li,770-0034,徳島県,徳島市,南佐古四番町,2-10-18,,1978-02-25,群馬県,A
31,赤坂 一葉,アカサカ カズハ,女,026-257-7983,kazuha_akasaka@fivnwiad.yhz,389-1107,長野県,長野市,豊野町南郷,2-18-8,,1977-04-20,奈良県,B
32,三浦 椿,ミウラ ツバキ,女,082-313-2982,imiura@bcvpq.cw,730-0842,広島県,広島市中区,舟入中町,1-6-18,,1999-10-14,山梨県,A
33,今井 湊介,イマイ ソウスケ,男,075-425-3247,erpiq-pazaujksousuke85353@nhqpgirqy.ko,531-0075,大阪府,大阪市北区,大淀南,4-18-3,,1995-09-14,山梨県,O
34,田川 正司,タガワ マサシ,男,096-526-7514,itagawa@ockz.ma,869-0106,熊本県,玉名郡長洲町,永塩,4-1-16,,1972-03-05,宮崎県,A
35,栗山 久,クリヤマ ヒサシ,男,075-033-8447,hisashi_kuriyama@zvzeivk.js,557-0055,大阪府,大阪市西成区,千本南,3-1-4,,2000-02-13,兵庫県,B
36,青柳 勉,アオヤギ ツトム,男,095-264-0153,tsutomu02631@ezxlryrfs.vz,853-0502,長崎県,五島市,玉之浦町幾久山,3-1,,1966-06-13,奈良県,O
37,窪田 蒼音斗,クボタ アオト,男,0293-26-9286,okubota@bnoaveso.tys,319-0136,茨城県,小美玉市,手堤,2-5-13,,1997-02-11,福島県,A
38,中原 竹男,ナカハラ タケオ,男,0823-38-6278,takeonakahara@zaoqz.ddl,729-2251,広島県,三原市,幸崎町久和喜,3-19,,1963-05-28,熊本県,B
39,谷村 正孝,タニムラ マサタカ,男,0834-42-7684,masataka07944@oizuwgjnsa.qo,745-0076,山口県,周南市,梅園町,3-1,,1980-12-03,奈良県,O
40,本田 穂香,ホンダ ホノカ,女,0554-59-8189,honoka_honda@brcjpfelq.cg,409-1306,山梨県,甲州市,勝沼町山,2-11-8,,1973-01-06,高知県,B
41,小玉 季衣,コダマ トシエ,女,076-977-8418,toshiekodama@hqjv.ke,933-0931,富山県,高岡市,二番町,1-15,,1992-04-25,島根県,O
42,相馬 利幸,ソウマ トシユキ,男,0773-9-5728,toshiyukisouma@ldujqhfj.fp,601-0141,京都府,京都市北区,大森稲荷,3-13-2,,1963-02-26,宮崎県,O
43,松沢 優佳,マツザワ ユウカ,女,0124-04-1229,wzjjrsuznujpdyuuka913@otef.joi,099-0111,北海道,紋別郡遠軽町,白滝,2-12-8,,2000-01-15,埼玉県,A
44,磯崎 雪音,イソザキ ユキネ,女,0294-35-7943,yukine377@okxsv.flwha.gv,300-0843,茨城県,土浦市,中村南,3-3,,2000-11-21,滋賀県,A
45,樋口 貴史,ヒグチ タカシ,男,023-498-7524,takashi974@pvuokzv.bd,999-7646,山形県,鶴岡市,工藤,2-16-13,,1985-06-18,愛媛県,O
46,尾崎 喜弘,オザキ ヨシヒロ,男,04-7207-1934,yoshihiroozaki@xryquothf.obn,350-0043,埼玉県,川越市,新富町,4-12-14,新富町荘106,1964-09-11,新潟県,B
47,岸田 理津子,キシダ リツコ,女,0857-24-1838,okishida@exhwgd.wq,680-0152,鳥取県,鳥取市,国府町庁,4-6-19,国府町庁ランド400,1984-06-12,静岡県,A
48,河合 勝彦,カワイ カツヒコ,男,029-80-7377,katsuhiko85044@epuej.si,302-0011,茨城県,取手市,井野,4-18-1,,1967-10-26,兵庫県,O
49,椎名 和弘,シイナ カズヒロ,男,0749-75-2031,kazuhiroshiina@sqacysnd.ae,529-1608,滋賀県,蒲生郡日野町,大谷,2-18-6,大谷アパート317,1999-03-15,青森県,B
50,黒沢 正一,クロサワ ショウイチ,男,0774-93-3835,shouichi605@sbkbcxtqi.avc,615-8106,京都府,京都市西京区,川島滑樋町,1-1,リバーサイド川島滑樋町317,1992-04-16,和歌山県,AB
51,北川 瑞稀,キタガワ ミズキ,女,04-6533-4769,kpvhpeazvemmizuki232@hgmoeyuky.hcrvg.rvx,283-0105,千葉県,山武郡九十九里町,粟生,4-16-19,粟生タワー413,1989-06-10,香川県,A
52,今泉 葵衣,イマイズミ アオイ,女,0948-97-0681,iimaizumi@pjwb.fl,800-0323,福岡県,京都郡苅田町,与原,2-6-20,リバーサイド与原208,1985-10-16,高知県,B
53,平原 恵理,ヒラハラ エリ,女,078-170-5107,erihirahara@muknseu.xyq,675-2321,兵庫県,加西市,北条町東高室,4-5-10,ドリーム北条町東高室211,1972-10-20,栃木県,O
54,前田 昭司,マエダ ショウジ,男,0735-33-1032,imaeda@vykolz.kutty.llg,510-8124,三重県,三重郡川越町,南福崎,1-13-8,,1967-03-09,青森県,AB
55,浜口 広明,ハマグチ ヒロアキ,男,0942-29-7439,hiroakihamaguchi@gosnmogolz.le.rd,847-0132,佐賀県,唐津市,相賀,1-6-14,,1990-10-22,富山県,B
56,小高 実可,オダカ ミカ,女,099-008-2040,mika1631@ahovrh.ocn,894-1522,鹿児島県,大島郡瀬戸内町,嘉鉄,1-15-11,,1962-12-24,香川県,A
57,瀬川 忠夫,セガワ タダオ,男,017-222-8181,tadaosegawa@sddunqb.sox,039-2686,青森県,上北郡東北町,塞ノ神,4-11-18,,1967-09-18,北海道,O
58,長井 敏哉,ナガイ トシヤ,男,0852-04-9804,yvueive=ibtoshiya53843@ahshhd.zo,694-0001,島根県,大田市,山口町佐津目,4-15-5,ステージ山口町佐津目403,1986-03-16,愛知県,B
59,桜田 真吉,サクラダ シンキチ,男,017-629-3476,ctrugxbk-=ebvshinkichi7520@irdejnt.tis,030-1512,青森県,東津軽郡今別町,大泊,3-6,,1985-05-24,静岡県,B
60,水田 正夫,ミズタ マサオ,男,025-648-4409,masao98635@lsxwi.koc,949-6543,新潟県,南魚沼市,早川,4-11-9,,1962-09-05,山梨県,A
61,稲葉 安則,イナバ ヤスノリ,男,0952-97-2111,yasunori_inaba@dwuzyivix.mny,841-0054,佐賀県,鳥栖市,蔵上町,3-4-12,,1980-01-27,沖縄県,B
62,高橋 和子,タカハシ カズコ,女,0577-72-4017,kazuko05951@cwjxfkm.vw,500-8042,岐阜県,岐阜市,末広町,1-16,ヴィレッジ末広町419,1994-10-17,神奈川県,B
63,川端 健太郎,カワバタ ケンタロウ,男,024-032-5294,kentaroukawabata@pxvgvka.kp,969-6264,福島県,大沼郡会津美里町,高田乙,2-18,ハウス高田乙403,1965-01-11,徳島県,AB
64,宇野 和花,ウノ ノドカ,女,0748-68-6836,nodoka0146@erges.ubb,527-0131,滋賀県,東近江市,勝堂町,4-4-9,,1971-11-05,佐賀県,AB
65,小松 冬楓花,コマツ フウカ,女,04-7363-5106,fuuka74396@rrzxnhu.zo,299-4316,千葉県,長生郡一宮町,新地丙,1-19-15,,1993-03-29,兵庫県,A
66,長嶋 琉菜,ナガシマ ルナ,女,076-26-7400,runa4332@wolrbpv.tx,937-0003,富山県,魚津市,持光寺,3-19,,1979-10-09,北海道,O
67,広川 貞次,ヒロカワ テイジ,男,029-637-7185,teijihirokawa@ckdt.lag,306-0022,茨城県,古河市,横山町,2-4-3,,1982-12-26,福島県,AB
68,越智 絵美,オチ エミ,女,0194-28-1447,emiochi@brnvkpakt.jdl,028-6501,岩手県,九戸郡九戸村,荒谷,3-3,,1993-10-16,滋賀県,A
69,小森 広史,コモリ ヒロシ,男,0837-26-0366,xyt--t-mnd=hiroshi51950@lecx.cje,756-0007,山口県,山陽小野田市,北真土郷,4-16-2,,1968-12-29,山梨県,O
70,峰 政人,ミネ マサト,男,0745-0-4978,masato585@fwaj.st,632-0025,奈良県,天理市,藤井町,3-4-3,藤井町テラス405,1980-01-18,長野県,O
71,赤坂 健二,アカサカ ケンジ,男,0770-06-8669,kenjiakasaka@xzhlkwyl.df,912-0203,福井県,大野市,後野,2-6-1,ハウス後野210,1980-04-29,京都府,O
72,西谷 房子,ニシタニ フサコ,女,079-701-0233,fusako61570@axprftlqxj.fl,671-2578,兵庫県,宍粟市,山崎町元山崎,3-18-18,,1974-12-30,富山県,O
73,金井 繁,カネイ シゲル,男,023-148-3210,ukanei@dqayxv.taom.sr,999-6105,山形県,最上郡最上町,富澤,3-4-19,,1983-05-10,福岡県,B
74,白鳥 空晴,シラトリ タカハル,男,0565-65-9079,takaharu5600@bjdcnugpp.dx,483-8278,愛知県,江南市,古知野町牧森,2-19-10,古知野町牧森の杜300,1997-07-28,東京都,A
75,本山 昭男,モトヤマ アキオ,男,0885-84-1400,akio_motoyama@aeddixt.pmu,770-0932,徳島県,徳島市,仲之町,1-16-17,,1999-12-31,千葉県,B
76,石塚 秀光,イシヅカ ヒデミツ,男,03-0033-1893,hidemitsu637@tecgothm.bc,162-0855,東京都,新宿区,二十騎町,3-4,二十騎町レジデンス100,1993-06-05,島根県,B
77,小笠原 政春,オガサワラ マサハル,男,044-635-4980,uogasawara@sxrcfgyqk.jwy,231-0054,神奈川県,横浜市中区,黄金町,1-11,,1963-05-06,群馬県,A
78,平良 葵依,ヒラヨシ アオイ,女,0748-29-4681,aoi_hirayoshi@szhkcnonou.jpt,523-0053,滋賀県,近江八幡市,益田町,4-5-14,,1993-09-24,島根県,A
79,菅野 秀樹,スガノ ヒデキ,男,077-324-0564,hideki58749@tjrengolb.tfo,612-8062,京都府,京都市伏見区,鷹匠町,2-10-18,鷹匠町シーサイド107,1969-01-13,島根県,B
80,高松 健,タカマツ ケン,男,0133-34-6459,ntakamatsu@htqypyjdo.cija.jyu,068-0841,北海道,岩見沢市,志文本町一条,1-6-18,志文本町一条プレイス200,1978-12-07,岐阜県,O
81,和田 海成,ワダ カイセイ,男,0578-61-3481,kaisei_wada@bofsoh.ep,509-3313,岐阜県,高山市,朝日町胡桃島,4-6-14,,2001-02-19,長野県,AB
82,竹中 果凛,タケナカ カリン,女,026-570-4212,karin357@kalqyontsj.ddr,396-0032,長野県,伊那市,小沢,4-5,,1966-07-23,石川県,O
83,小野寺 峰雄,オノデラ ミネオ,男,028-655-1250,mineo430@crnowgf.yb,320-0016,栃木県,宇都宮市,山本町,4-19-5,山本町キャッスル119,1989-09-04,滋賀県,O
84,梶 亜弓,カジ アユミ,女,0744-59-5299,ayumi_kaji@jwiyqyiwbr.ut,630-2225,奈良県,山辺郡山添村,伏拝,1-12-13,ハイツ伏拝211,1972-10-17,新潟県,A
85,玉井 哲朗,タマイ テツロウ,男,04-9133-5334,tetsurou877@xqprjmnn.uq,298-0223,千葉県,夷隅郡大多喜町,上原,4-5,,1986-03-17,大分県,O
86,富田 美奈,トミダ ミナ,女,023-933-5355,atomida@htqbzs.ak.lw,993-0024,山形県,長井市,中伊佐沢,3-2,シティ中伊佐沢210,1978-08-05,福島県,A
87,小宮 正美,コミヤ マサミ,女,0744-23-0545,masami97006@qswmlmvp.ibcb.xaf,630-0267,奈良県,生駒市,仲之町,4-9,タウン仲之町405,1970-08-18,福井県,A
88,中田 典大,ナカダ ノリヒロ,男,0855-96-8208,norihiro640@ubtzaxdk.buv,692-0058,島根県,安来市,西恵乃島町,4-14-15,,1998-02-08,奈良県,O
89,吉崎 和子,ヨシザキ カズコ,女,025-288-4885,kazuko5664@miywpq.eju,949-4112,新潟県,柏崎市,西山町尾野内,1-14-11,西山町尾野内荘101,1998-01-05,福島県,A
90,岩田 笑福,イワタ エフ,男,077-433-9869,fvwlbvgaefu10741@hwsmla.wq,612-8157,京都府,京都市伏見区,向島大黒,1-6-14,,1996-09-17,香川県,B
91,河本 小枝子,カワモト サエコ,女,0270-34-7083,saeko28748@ufgeidshw.gi,370-1121,群馬県,佐波郡玉村町,上飯島,2-6-11,,1970-10-13,神奈川県,B
92,松野 文平,マツノ ブンペイ,男,0749-4-3611,bumpei_matsuno@rufyef.ow.wgm,520-3031,滋賀県,栗東市,綣,4-11-6,,1977-04-11,茨城県,AB
93,栗山 忠志,クリヤマ タダシ,男,053-719-9655,tadashi8624@sdzakmzb.opyjq.hc,410-2303,静岡県,伊豆の国市,立花,1-16,立花マンション109,1988-07-21,広島県,O
94,立川 久典,タチカワ ヒサノリ,男,0746-36-6668,hisanoritachikawa@qpfw.xgx,633-1201,奈良県,宇陀郡曽爾村,伊賀見,1-19,,1982-11-05,栃木県,O
95,森 楓花,モリ フウカ,女,093-701-2583,fuuka461@tevnwtejge.oag,838-0071,福岡県,朝倉市,佐田,3-18-3,,1997-02-04,山形県,A
96,湊 菜々美,ミナト ナナミ,女,0246-39-5183,nanami507@nzpsvwoci.qy,966-0055,福島県,喜多方市,台,1-3-16,,1979-04-18,山口県,A
97,大山 剛,オオヤマ タケシ,男,053-305-8070,takeshi_ooyama@aoek.gv,432-8052,静岡県,浜松市南区,東若林町,2-15-14,,1997-04-21,三重県,B
98,平賀 真緒,ヒラガ マオ,女,03-0343-0984,maohiraga@smncnsgjmt.nus,143-0021,東京都,大田区,北馬込,2-15-17,フォレスト北馬込109,1975-07-23,広島県,B
99,室井 順子,ムロイ ジュンコ,女,0996-31-5395,junko93830@afcbna.fde.rrx,899-4101,鹿児島県,曽於市,財部町南俣,4-3,財部町南俣キャッスル315,1977-12-15,岩手県,B
100,坂田 音々,サカタ ネネ,女,0965-21-1807,nene_sakata@nwavxp.oof,869-2505,熊本県,阿蘇郡小国町,北里,3-7,,1989-06-03,滋賀県,A
